"","Male:","Under 5 years","5 to 9 years","10 to 14 years","15 to 17 years","18 and 19 years","20 years","21 years","22 to 24 years","25 to 29 years","30 to 34 years","35 to 39 years","40 to 44 years","45 to 49 years","50 to 54 years","55 to 59 years","60 and 61 years","62 to 64 years","65 and 66 years","67 to 69 years","70 to 74 years","75 to 79 years","80 to 84 years","85 years and over","Female:","Under 5 years.1","5 to 9 years.1","10 to 14 years.1","15 to 17 years.1","18 and 19 years.1","20 years.1","21 years.1","22 to 24 years.1","25 to 29 years.1","30 to 34 years.1","35 to 39 years.1","40 to 44 years.1","45 to 49 years.1","50 to 54 years.1","55 to 59 years.1","60 and 61 years.1","62 to 64 years.1","65 and 66 years.1","67 to 69 years.1","70 to 74 years.1","75 to 79 years.1","80 to 84 years.1","85 years and over.1","65_both"
"02021","0.48553187961197253","3.4449879777796212E-2","3.3869496724981338E-2","3.1423596716690157E-2","1.6499461072879529E-2","1.0239615288947851E-2","3.4408423845452289E-3","5.0161678136141294E-3","9.286128845037725E-3","2.3049498383218639E-2","2.8521681452615869E-2","2.5951413647292931E-2","3.6108117071552939E-2","2.9019152640742889E-2","3.8056545891717107E-2","4.1207196749854902E-2","1.471685598209104E-2","2.6697620429483461E-2","5.6380067987729047E-3","1.222950004145593E-2","2.8438769587928028E-2","1.4799767846778869E-2","1.015670342426001E-2","6.7158610397147836E-3","0.51446812038802747","2.516375093275848E-2","2.9640991625901669E-2","3.2833098416383377E-2","1.836497802835586E-2","9.4934085067573167E-3","3.6481220462648211E-3","3.2750186551695551E-3","9.3690407097255617E-3","1.894536108117072E-2","3.6273940800928613E-2","4.0792637426415722E-2","3.7932178094685347E-2","4.468949506674405E-2","2.7195091617610481E-2","3.2998922145759058E-2","1.256114750020728E-2","2.2593483127435539E-2","9.1203051156620515E-3","2.0396318713207861E-2","1.3929193267556589E-2","2.49979272033828E-2","8.0424508747201726E-3","3.2211259431224611E-2","0.18667606334466461"
"02026","0.46993045677256201","2.9358305674095149E-2","1.9559032716927459E-2","2.524893314366999E-2","1.0431484115694639E-2","9.7202465623518249E-3","5.9664928085980716E-3","2.1337126600284501E-3","2.7106053421842899E-2","3.3862810178599649E-2","3.8406827880512091E-2","3.1452505136715672E-2","2.248300932511459E-2","3.8564880670143832E-2","3.1215425952268061E-2","3.0741267583372849E-2","6.1640587956377432E-3","2.7619724988146039E-2","1.0312944523470841E-2","1.58052789631737E-2","1.9598545914335391E-2","1.375059269796112E-2","1.0075865339023229E-2","1.0352457720878771E-2","0.53006954322743793","3.6510194404931237E-2","2.1969337758811439E-2","2.4537695590327171E-2","1.3987671882408719E-2","4.0303461356092944E-3","5.7294136241504666E-3","2.647384226331595E-3","2.785680417259365E-2","3.4890153311205943E-2","3.4850640113798008E-2","2.9042200094831671E-2","2.8568041725936459E-2","3.2479848269321952E-2","4.1133238501659557E-2","2.8409988936304729E-2","1.908487434803224E-2","2.837047573889679E-2","1.5844792160581631E-2","2.0625889046941681E-2","2.4142563616247829E-2","1.3513513513513511E-2","1.58052789631737E-2","2.603919709182867E-2","0.19586691955113006"
"02045","0.45770750988142289","2.5790513833992099E-2","1.521739130434783E-2","2.1739130434782612E-2","2.2035573122529649E-2","7.1146245059288526E-3","4.940711462450593E-3","3.458498023715415E-3","1.235177865612648E-2","1.511857707509881E-2","3.3399209486166009E-2","2.1245059288537552E-2","1.7786561264822139E-2","2.717391304347826E-2","2.5592885375494069E-2","6.3339920948616596E-2","1.758893280632411E-2","2.638339920948617E-2","1.245059288537549E-2","2.519762845849802E-2","2.4110671936758889E-2","2.2035573122529649E-2","1.017786561264822E-2","3.458498023715415E-3","0.54229249011857705","8.1027667984189724E-3","1.3043478260869559E-2","2.1442687747035571E-2","1.0276679841897229E-2","6.5217391304347823E-3","4.7430830039525704E-3","3.952569169960474E-3","1.0770750988142289E-2","3.9723320158102773E-2","3.2806324110671928E-2","1.5711462450592881E-2","1.9466403162055331E-2","3.142292490118577E-2","6.6501976284584985E-2","6.5810276679841892E-2","1.8774703557312249E-2","3.7747035573122527E-2","2.2727272727272731E-2","3.8636363636363642E-2","3.1719367588932797E-2","2.569169960474308E-2","1.2747035573122531E-2","3.952569169960474E-3","0.23290513833992094"
"02108","0.50437869822485204","4.7337278106508881E-4","0","2.840236686390532E-3","1.136094674556213E-2","4.2840236686390532E-2","6.8639053254437874E-3","1.7278106508875742E-2","5.8698224852070997E-2","3.053254437869822E-2","3.6449704142011832E-2","2.059171597633136E-2","2.4378698224852072E-2","3.7396449704142007E-2","9.7041420118343189E-3","7.0295857988165678E-2","3.502958579881657E-2","1.846153846153846E-2","9.7041420118343189E-3","1.420118343195266E-2","2.5088757396449699E-2","1.633136094674556E-2","1.5857988165680469E-2","0","0.4956213017751479","0","0","3.6449704142011832E-2","4.4970414201183431E-3","8.7337278106508875E-2","2.6508875739644971E-2","5.2071005917159767E-3","1.301775147928994E-2","7.7633136094674551E-2","3.4319526627218933E-2","2.9349112426035499E-2","6.3905325443786984E-3","2.816568047337278E-2","0","4.4733727810650888E-2","0","4.2603550295857986E-3","2.840236686390532E-3","2.6982248520710059E-2","3.3372781065088758E-2","2.4142011834319532E-2","2.6035502958579879E-3","7.8106508875739654E-3","0.17893491124260355"
"02109","0.49021229666390959","8.271298593879239E-3","5.7899090157154673E-3","1.3785497656465401E-3","8.271298593879239E-4","1.654259718775848E-3","1.654259718775848E-3","5.5141990625861594E-3","1.9023986765922249E-2","0.12710228839261101","5.0179211469534052E-2","6.2310449407223599E-2","1.4336917562724011E-2","3.6118003859939338E-2","2.1229666390956709E-2","3.9702233250620347E-2","1.929969671905156E-3","2.950096498483595E-2","1.929969671905156E-3","5.5141990625861594E-3","3.1982354562999728E-2","6.8927488282326992E-3","1.0476978218913699E-2","6.8927488282326992E-3","0.50978770333609047","2.5916735594154951E-2","2.6468155500413561E-2","2.2056796250344642E-3","0","0","0","4.6870692031982346E-3","1.268265784394817E-2","0.13399503722084369","4.521643231320651E-2","4.3010752688172053E-2","2.8122415219189411E-2","2.0126826578439481E-2","1.6542597187758482E-2","4.2459332781913432E-2","1.8472566859663631E-2","7.9955886407499319E-3","1.1579818031430929E-2","1.3234077750206781E-2","3.0603804797353189E-2","1.075268817204301E-2","5.7899090157154673E-3","9.9255583126550868E-3","0.14557485525227459"
"02110","0.47377546597312531","7.3688773298656264E-3","7.3688773298656264E-3","7.3688773298656264E-3","0","0","0","1.30039011703511E-2","6.5019505851755524E-3","5.9817945383615082E-2","1.6905071521456441E-2","1.387082791504118E-2","3.8144776766363242E-2","2.7308192457737319E-2","2.600780234070221E-2","4.0312093628088429E-2","1.30039011703511E-2","2.1239705244906801E-2","2.5574338968357171E-2","8.5825747724317294E-2","2.9475509319462509E-2","2.9908972691807541E-2","4.7680970957954052E-3","0","0.52622453402687475","2.47074122236671E-2","1.1703511053316001E-2","2.0806241872561769E-2","0","1.1703511053316001E-2","0","0","0","4.7247507585609007E-2","2.5574338968357171E-2","3.8144776766363242E-2","2.6441265713047252E-2","4.0312093628088429E-2","4.0312093628088429E-2","2.81751192024274E-2","0","2.1239705244906801E-2","7.5422626788036407E-2","2.4273948851322062E-2","3.2076289553532727E-2","3.4677069787602953E-2","0","2.3407022106631991E-2","0.36540962288686607"
"02111","0.45823236832036729","2.3083790332865711E-2","1.224333630914424E-2","1.4666496620329039E-2","3.0608340772860601E-3","4.7825532457594702E-2","1.5176635633210049E-2","2.2828720826425199E-2","2.9077923734217571E-2","4.4764698380308637E-2","3.9280703991837779E-2","2.563448539727076E-2","2.563448539727076E-2","2.448667261828848E-2","1.7854865450835349E-2","3.0480806019640351E-2","6.2492029077923731E-3","1.313607958168601E-2","3.6985078433873228E-3","1.5814309399311308E-2","1.084045402372146E-2","1.3263614334906261E-2","4.2086468562683331E-3","1.492156612676955E-2","0.54176763167963271","3.2776431577604903E-2","2.6782298176253029E-2","1.951281724269863E-2","8.1622242060961619E-3","5.1013901288101009E-2","2.027802576202015E-2","1.6834587425073329E-2","1.5559239892870809E-2","7.0781788037240154E-2","3.5199591888789697E-2","2.8185180461675809E-2","1.9640351995918889E-2","3.596480040811121E-2","2.920545848743783E-2","1.708965693151384E-2","1.313607958168601E-2","4.2086468562683331E-3","6.7593419206733833E-3","1.7982400204055601E-2","1.74722611911746E-2","1.2370871062364491E-2","1.925774773625813E-2","2.3593929345746719E-2","0.16018365004463714"
"02113","0.455842997323818","5.947071067499257E-3","6.2444246208742194E-3","2.2301516503122208E-3","1.6354445435622961E-3","0","2.2301516503122208E-3","3.4195658638120721E-3","6.8093963722866482E-2","0.12637526018435921","0.1086827237585489","4.177817424918228E-2","1.590841510556051E-2","4.906333630686887E-3","1.2786202795123399E-2","9.3666369313113295E-3","4.1629497472494793E-3","1.1299435028248589E-2","6.5417781742491826E-3","4.6089800773119237E-3","6.6904549509366638E-3","8.3258994944989586E-3","2.0814748736247401E-3","2.5275052036871841E-3","0.54415700267618194","2.0368718406184951E-2","3.5682426404995541E-3","0","0","0","3.8655961938745169E-3","2.6761819803746648E-3","0.1186440677966102","0.1433244127267321","7.2851620576865894E-2","6.2444246208742192E-2","1.1299435028248589E-2","1.159678858162355E-2","1.293487957181088E-2","1.9625334522747551E-2","2.378828426999702E-3","1.4124293785310729E-2","2.378828426999702E-3","1.635444543562296E-2","9.6639904846862919E-3","1.100208147487363E-2","1.486767766874814E-3","3.5682426404995541E-3","7.5230449003865607E-2"
"02114","0.53510932019998503","2.164017610626073E-2","2.0446235355570479E-2","6.8651593164689214E-3","1.2685620476083871E-3","8.9545556301768529E-4","1.193940750690247E-3","5.5219759719423922E-3","2.0968584433997461E-2","0.11521528244160879","9.4992910976792772E-2","4.7086038355346617E-2","2.3281844638459819E-2","3.1788672487127828E-2","2.9923140064174319E-2","3.8504589209760458E-2","8.8799343332587113E-3","1.193940750690247E-2","9.2530408178494138E-3","1.470039549287367E-2","1.1043951943884781E-2","1.0372360271621519E-2","3.8056861428251618E-3","5.5219759719423922E-3","0.46489067980001492","5.6712185657786726E-3","4.2534139243340053E-3","6.4174315349600766E-3","9.7007685993582577E-3","6.1935676442056564E-3","3.731064845907022E-3","7.0890232072233416E-3","2.298335945078725E-2","8.8724722035668974E-2","8.3277367360644727E-2","5.1488694873516899E-2","1.8506081635698831E-2","3.1937915080964108E-2","2.134169091858816E-2","1.8655324229535111E-2","1.059622416237594E-2","1.470039549287367E-2","0","1.5148123274382509E-2","2.0744720543243039E-2","1.2536377882247591E-2","7.6859935825684652E-3","3.5072009551526001E-3","0.11431982687859114"
"02115","0.49031828845547809","6.8629853986484123E-3","7.4932595679120424E-3","6.6879092405196256E-3","6.1976959977590252E-3","0.1413915053048076","4.4959557407472248E-2","3.6555901817290522E-2","4.4644420322840439E-2","5.9560908995412998E-2","3.1163556146923909E-2","1.4706397282818031E-2","9.6291886970832317E-3","6.0226198396302394E-3","1.2150285374137751E-2","1.3270772786161979E-2","3.2564165411954199E-3","7.0380615567771981E-3","4.9371476592317658E-3","9.1389754543226304E-3","9.3140516124514162E-3","6.5828635456423546E-3","6.6528940088938686E-3","2.1009138975454319E-3","0.50968171154452191","7.0380615567771981E-3","6.1276655345075112E-3","8.5787317483105151E-3","7.6683357260408274E-3","0.13207745369235621","5.7424979866241822E-2","3.7361252144682937E-2","5.014181168808432E-2","3.7851465387443543E-2","4.0442592527749573E-2","2.1954550229349772E-2","9.4190973073286881E-3","1.3620925102419549E-2","1.0959767498862001E-2","1.348086417591652E-2","3.1863860779439051E-3","4.3769039532196496E-3","5.3223152071150952E-3","8.753807906439301E-3","9.9793410133408034E-3","4.5169648797226793E-3","7.2831681781574988E-3","1.2115270142511989E-2","8.6697713505374835E-2"
"02116","0.45920219595342449","1.345906937618984E-2","1.159959268605835E-2","8.5004648691725335E-3","8.8546509053880548E-3","2.9884446805684681E-2","1.009430203214238E-2","9.3859299597113376E-3","1.6868109974764241E-2","5.4766015849825121E-2","6.5170230663656084E-2","4.0997033691946697E-2","1.7222296010979771E-2","3.2717935095408858E-2","2.054279010050029E-2","3.2363749059193342E-2","1.438880772125559E-2","1.124540664984283E-2","6.7738079426218623E-3","9.7401159959268607E-3","2.182671448178156E-2","1.120113339531589E-2","6.7295346880949219E-3","4.8700579979634303E-3","0.54079780404657551","2.4128923717182449E-2","5.2685172887058929E-3","1.0714127595519551E-2","1.9480231991853721E-3","4.4051888254305567E-2","2.7095231770487449E-2","1.8860406428476559E-2","2.5324301589409841E-2","7.3803515296409439E-2","6.8889184043919069E-2","2.7670784079337669E-2","2.5412848098463722E-2","1.8417673883207159E-2","2.133970868198521E-2","3.0637092132642669E-2","1.5274272811794399E-2","1.713374950192589E-2","7.1279939788373844E-3","1.5495639084429099E-2","2.3154912117589761E-2","1.182095895869305E-2","1.7222296010979771E-2","1.0005755523088499E-2","0.14596892017532209"
"02118","0.49700555595641821","1.7678043148856341E-2","1.417851215816437E-2","1.302402770762681E-2","1.237463020419944E-2","4.6900930803088249E-3","5.1951800274190061E-3","5.772422252687784E-3","2.1863049282054979E-2","5.592034057291291E-2","7.1036871347139041E-2","4.8127570531784403E-2","1.937369218558338E-2","3.553647449310917E-2","4.3076701060682593E-2","3.3624359621906352E-2","1.677610217187387E-2","1.5910238833970709E-2","1.493614257882964E-2","1.1833465618009961E-2","1.8507828847680211E-2","7.0712172595425353E-3","3.7881521033263578E-3","6.7104408687495487E-3","0.50299444404358173","1.699256800634966E-2","1.504437549606754E-2","1.6559636337398081E-2","1.093152464102749E-2","6.8186737859874452E-3","5.1951800274190061E-3","1.1616999783534169E-2","2.4893570964716071E-2","6.9305144671332711E-2","6.9521610505808504E-2","2.8573490150804529E-2","3.0557760300165961E-2","2.0780720109676021E-2","3.2722418644923867E-2","4.4231185511220149E-2","1.277148423407172E-2","1.540515188686052E-2","6.061043365322173E-3","8.7668662962695713E-3","1.8688217043076698E-2","1.443105563171946E-2","8.55040046179378E-3","1.457536618803666E-2","0.13392019626235657"
"02119","0.46914190836188929","2.317447981064754E-2","3.4903027519694783E-2","2.448157699508955E-2","1.342424135372876E-2","1.914720740452892E-2","5.1577348359063127E-3","1.466068463630904E-2","3.2677429611050267E-2","4.104991698166531E-2","3.3984526795492277E-2","2.9851273536581058E-2","3.2571448758257668E-2","2.6954463560250119E-2","2.8402868548415589E-2","2.1620093969689471E-2","9.1850072420249403E-3","1.86526300914968E-2","1.112798954322252E-2","1.2117144169286749E-2","1.2823683187904051E-2","7.8425831066520641E-3","7.595294450136009E-3","7.7366022538594686E-3","0.53085809163811071","2.9215388419825489E-2","2.0878228000141309E-2","3.4797046666902177E-2","2.3916345780195709E-2","9.8208923587805134E-3","8.4784682234076373E-3","6.8887554315187052E-3","2.2821210301338889E-2","5.0340905076482853E-2","5.4438831384463197E-2","2.5046808209983399E-2","3.363125728618363E-2","3.1511640230331719E-2","3.6422086409721978E-2","2.2891864203200621E-2","1.8899918748012862E-2","1.8723283993358531E-2","8.5137951743385031E-3","1.519058890027202E-2","1.8405341434980751E-2","1.7168898152400469E-2","1.1763874659978101E-2","1.109266259229166E-2","0.14137845762532236"
"02120","0.48514785837422092","1.153693144145339E-2","2.2410820846041641E-2","8.8184590903063256E-3","1.233258188569155E-2","4.3628166025726028E-2","3.8124917119745388E-2","6.8094417186049597E-2","9.2295451531627104E-2","6.3121601909561065E-2","1.6111921495822839E-2","1.425540379260045E-2","1.1338018830393849E-2","1.5979313088449808E-2","1.6310834106882381E-2","1.524996684789816E-2","4.8402068691155023E-3","1.054236838615568E-2","1.193475666357247E-3","6.6304203686513722E-4","9.9456305529770587E-3","3.713035406444768E-3","2.4532555364010079E-3","2.188038721654953E-3","0.51485214162577908","1.0210847367723109E-2","1.113910621933431E-2","1.3194536533616231E-2","7.6249834239490782E-3","6.882376342660125E-2","4.3760774433099059E-2","3.3682535472748971E-2","6.2193343057949872E-2","7.3663970295716752E-2","1.9824956902267599E-2","1.650974671794192E-2","1.1934756663572471E-2","1.2001060867258981E-2","2.957167484418512E-2","2.3272775493966322E-2","1.20673650709455E-2","1.5183662644211639E-2","8.2217212571277024E-3","1.16032356451399E-2","1.471953321840605E-2","7.5586792202625647E-3","4.5749900543694466E-3","3.514122795385227E-3","7.0348760111391059E-2"
"02121","0.46232601713062099","2.9610546038543899E-2","3.4997323340471093E-2","3.8309689507494638E-2","2.168094218415418E-2","1.097430406852248E-2","8.2976445396145612E-3","1.0873929336188441E-2","2.2216274089935761E-2","4.5335920770877947E-2","4.5202087794432549E-2","2.398956102783726E-2","2.4491434689507499E-2","1.6193790149892931E-2","2.937633832976445E-2","2.4089935760171311E-2","6.1563169164882223E-3","1.7532119914346899E-2","8.8329764453961464E-3","1.027168094218415E-2","1.716407922912206E-2","4.4164882226980732E-3","7.1600642398286941E-3","5.1525695931477506E-3","0.53767398286937906","2.506022483940043E-2","3.4127408993576018E-2","4.1990096359743039E-2","2.5093683083511779E-2","7.2269807280513918E-3","4.6172376873661672E-3","7.7957708779443254E-3","2.9108672376873659E-2","4.7811830835117773E-2","4.1856263383297641E-2","3.8543897216274089E-2","3.3056745182012848E-2","2.8272216274089931E-2","3.1417291220556753E-2","4.7209582441113493E-2","1.254684154175589E-2","1.652837259100642E-2","6.8923982869379006E-3","1.810091006423983E-2","1.9405781584582438E-2","1.1007762312633829E-2","4.9183618843683082E-3","5.0856531049250538E-3","0.11840872591006422"
"02122","0.49345180443845538","2.60664504990104E-2","2.345559439087043E-2","3.3941129405819677E-2","1.9370867899103049E-2","1.187518423379795E-2","4.4637217332715714E-3","3.832062997431255E-3","2.1518507600960121E-2","4.4721438497494423E-2","3.6973091337853203E-2","5.7859940202973012E-2","3.0445951067503259E-2","3.145660504484777E-2","4.0889375500063163E-2","3.0867056891396811E-2","5.9797026992883312E-3","1.3938602770876321E-2","7.4535730829157366E-3","1.524403082494631E-2","1.541247315450373E-2","1.1243525497957639E-2","2.9056301848654569E-3","3.5372889207057729E-3","0.50654819556154462","2.3118709731755591E-2","2.0676295953173031E-2","2.6319113993346532E-2","1.9791973722996591E-2","1.297005937592117E-2","1.141196782751506E-2","6.1060344464563942E-3","1.570724723122921E-2","6.4976628626773905E-2","4.5353097233334742E-2","4.4931991409441187E-2","3.7309975996968038E-2","3.3351581252368721E-2","2.5308460016002021E-2","2.9687960584494879E-2","6.5271402703499393E-3","1.410704510043374E-2","1.6423127131848229E-2","1.89497620752095E-2","1.7475891691582091E-2","6.9482460942434836E-3","3.7057312502631911E-3","5.3901545458373687E-3","0.12468943445487851"
"02124","0.46158373461744251","2.91243088995898E-2","2.9819868022115208E-2","3.2084893882646702E-2","2.7144640627786699E-2","1.4785090065988941E-2","5.1899411449973249E-3","6.7415730337078653E-3","2.084893882646692E-2","3.6971642589620123E-2","4.025325485999643E-2","2.8660602817906191E-2","2.6805778491171751E-2","3.0711610486891389E-2","2.7055466381309078E-2","3.1246655965757091E-2","1.018369894774389E-2","6.7772427322989118E-3","6.9912609238451939E-3","9.9340110576065632E-3","1.4660246120920281E-2","1.6925271981451759E-2","5.4039593365436062E-3","3.263777421080792E-3","0.53841626538255749","3.1478509006598897E-2","2.5949705724986619E-2","3.3672195469948277E-2","2.247191011235955E-2","1.5997859818084541E-2","3.9771713929017301E-3","6.5810593900481537E-3","2.0866773675762441E-2","4.4266095951489212E-2","5.0115926520420913E-2","3.3012306046013913E-2","3.8362760834670953E-2","3.3921883360085607E-2","3.8844301765650083E-2","3.3190654538969147E-2","6.4562154449794903E-3","1.9118958444801139E-2","1.132512930265739E-2","9.8091671125378997E-3","2.1544497948992328E-2","1.663991439272338E-2","1.057606563224541E-2","1.0237203495630461E-2","0.13731050472623507"
"02125","0.46710001839700738","2.9557858588336299E-2","2.7932789599558468E-2","2.7350217697921141E-2","1.4410989145765621E-2","1.5177531121604221E-2","5.611087263138529E-3","6.6535843502790216E-3","2.7718157846323661E-2","5.5926902557184029E-2","4.0596063040412092E-2","3.9706874348439322E-2","2.6307720610780651E-2","2.3762801250996501E-2","2.4682651622002821E-2","2.8423376464095169E-2","9.1065186729625321E-3","1.2080701539216291E-2","1.07622493407739E-2","1.241798000858527E-2","1.484025265223524E-2","5.9177040534739694E-3","5.9177040534739694E-3","2.2383025694487032E-3","0.53289998160299257","1.9960753050837061E-2","1.965413626050163E-2","3.7836511927393138E-2","1.287790519408843E-2","2.0972588458944012E-2","7.1441712148157229E-3","6.929539461580916E-3","2.863800821732998E-2","6.1231373029987123E-2","5.5068375544244798E-2","4.0228122892009568E-2","3.611945790151469E-2","2.8821978291531249E-2","3.2164101306187527E-2","3.6088796222481137E-2","9.1678420310296188E-3","1.723186361685166E-2","8.1253449438891279E-3","1.272459679892071E-2","1.9347519470166191E-2","1.0731587661740359E-2","4.9365303244005643E-3","6.8988777825473727E-3","0.11485864965965539"
"02126","0.46441420303456898","3.4881902080400443E-2","2.432347880494291E-2","3.8088534334428277E-2","2.2720162677928989E-2","1.184889723134679E-2","4.2233693101830123E-3","3.8714218676677622E-3","1.5055529485374629E-2","4.8373220710151731E-2","4.8529641795714062E-2","2.7060847802283749E-2","3.3826059752854687E-2","2.1038636008133899E-2","2.8898795557641171E-2","2.8116690129829501E-2","5.8657907085875177E-3","1.8144845925230722E-2","4.653527295479431E-3","1.4664476771468791E-2","1.071484436101987E-2","1.106679180353512E-2","3.4412638823713431E-3","5.0054747379946821E-3","0.53558579696543096","3.7306428906616611E-2","3.4490849366494603E-2","3.0502111684655091E-2","2.0999530736743311E-2","1.15751603316127E-2","1.6424213984045049E-3","1.955263569529173E-3","1.7480056311590799E-2","5.0250273736899727E-2","2.917253245737525E-2","4.3954325043015802E-2","3.3474112310339442E-2","3.1831690911934933E-2","5.1267010793054901E-2","2.2524636320976069E-2","1.1145002346316281E-2","1.6737056155169721E-2","2.2133583607070229E-2","1.5994055998748629E-2","1.5837634913186301E-2","1.419521351478179E-2","1.399968715782888E-2","7.1171593930861882E-3","0.13882371343657127"
"02127","0.47394090625531682","2.869619463505926E-2","1.704191005501049E-2","1.327057222253729E-2","4.9339306981228378E-3","2.9206601259003E-3","1.729711336698236E-3","1.8998468780128169E-3","2.1550501899846881E-2","0.1035558328134747","7.5738671808540797E-2","5.279872965462485E-2","2.6371008903759999E-2","2.51517041910055E-2","1.7098621902115349E-2","1.6247944195542451E-2","1.3213860375432431E-2","1.6106164577780299E-2","2.75052458458572E-3","6.663642034821074E-3","9.5559462371689451E-3","7.2874723529745356E-3","2.4386094255089892E-3","6.9188453467929449E-3","0.52605909374468329","2.4301026484432602E-2","1.0349912096636989E-2","1.207962343333522E-2","6.748709805478364E-3","5.3592695514092896E-3","1.814779107355526E-3","1.5879317189360859E-3","3.4849430045936602E-2","0.12672262235581011","7.90279589406227E-2","4.8403561503998188E-2","2.1862417058923611E-2","2.6654568139284299E-2","2.6654568139284299E-2","2.7505245845857201E-2","7.7128112062609883E-3","1.137072534452447E-2","6.0398117166676124E-3","1.199455566267793E-2","1.332728406964215E-2","5.3025577043044293E-3","7.5993875120512677E-3","8.7903363012533323E-3","8.8668972948448929E-2"
"02128","0.51968088613437069","2.4175292850706579E-2","2.564778796070416E-2","3.6262939276059863E-2","9.9778026856552609E-3","8.4173974198369274E-3","8.5932177314784284E-3","3.2306982264126058E-3","1.6109536054152659E-2","6.621832487198083E-2","7.2569833630030112E-2","4.303202127425771E-2","3.9955165820531408E-2","3.7032153139491437E-2","3.4878354321883027E-2","3.2219072108305311E-2","1.588976066460078E-2","1.015362299729676E-2","8.3954198808817385E-3","7.2745653941671609E-3","7.0987450825256591E-3","4.5053954858134994E-3","1.6043603437287089E-3","6.4394189138700236E-3","0.48031911386562931","3.4944286938748598E-2","1.8900683501461509E-2","2.2087426649963739E-2","1.5779872969824839E-2","6.7690819981978418E-3","5.120766576558757E-3","5.9559130568558926E-3","2.0483066306235032E-2","6.5053515307355883E-2","6.2723896178105976E-2","3.4768466627107093E-2","3.2944330893826507E-2","3.3383881672930257E-2","2.7977407089954071E-2","2.760378892771587E-2","8.9448583547614337E-3","1.243928704863629E-2","6.1097558295422081E-3","6.3954638359596493E-3","1.006571284147601E-2","9.7360497571481949E-3","3.406518538054109E-3","8.7250829652095567E-3","7.975648886837651E-2"
"02129","0.46969771201802951","3.7332810739307228E-2","3.2776444074273679E-2","2.145901719660967E-2","5.1442849443927297E-3","3.3805301063152219E-3","6.3691146930576654E-4","2.4496594973298712E-3","7.6919308216157958E-3","6.0310616824261427E-2","6.4671010729508593E-2","4.6004605359854983E-2","3.3560335113419243E-2","2.66033021410024E-2","2.4643574543138501E-2","2.199794228602224E-2","1.7147616481309101E-2","1.1072460927931019E-2","7.3979716819362112E-3","1.499191612365881E-2","1.15133996374504E-2","8.4758218607613543E-3","4.9483121846063396E-3","5.4872372740189116E-3","0.53030228798197054","4.5906618979961789E-2","3.2825437264220277E-2","1.9744255548478761E-2","4.654353044926755E-3","5.2912645142325224E-3","6.8590465925236395E-4","1.2738229386115331E-3","1.2983195335848321E-2","5.5019352310028913E-2","7.0305227573367296E-2","5.8105923276664542E-2","3.3168389593846458E-2","2.6309343001322819E-2","2.9395913967958449E-2","3.4589192102297779E-2","8.0348831512419769E-3","1.7196609671255692E-2","1.14644064475038E-2","1.175836558718338E-2","2.532947920239087E-2","7.5939444417226004E-3","9.7496447993728873E-3","8.9167605702807316E-3","0.1276272598108863"
"02130","0.46458454952325362","4.2007199844327693E-2","1.872932477135629E-2","1.7464487254329631E-2","6.9809301420509827E-3","4.0377505351235649E-3","6.810663553220471E-4","2.553998832457677E-3","1.639424012453785E-2","5.5847441136407862E-2","6.9420120646040084E-2","4.4390932087954853E-2","3.7264059155477723E-2","2.2110332749562169E-2","2.634267367192061E-2","2.6610235454368549E-2","1.004572874100019E-2","1.11646234676007E-2","8.8538626191866122E-3","9.2916909904650711E-3","1.2624051371862229E-2","1.019167153142635E-2","2.8702082117143409E-3","8.7079198287604593E-3","0.53541545047674644","2.8848024907569561E-2","2.0748200038918078E-2","1.970227670753065E-2","9.583576571317377E-3","5.9350068106635533E-3","2.505351235648959E-3","4.0620743335279237E-3","2.5296750340533181E-2","7.063631056625802E-2","7.586592722319517E-2","4.6944930920412527E-2","3.6923525977816687E-2","2.1769799571901151E-2","2.3302198871375749E-2","3.1499318933644681E-2","1.408347927612376E-2","2.1210352208600899E-2","9.5106051761042996E-3","1.374294609846274E-2","2.2329246935201399E-2","7.5647013037555954E-3","5.3512356489589406E-3","1.799961081922553E-2","0.12903775053512356"
"02131","0.47278358735318471","2.729307859793309E-2","2.5759759575577291E-2","2.73237449783802E-2","1.4873194516851179E-2","8.1572571989328106E-3","5.4892821000337329E-3","6.68527093747125E-3","1.0978564200067469E-2","3.6094329786255333E-2","5.2500843325462287E-2","4.4650249931000641E-2","2.9807721794596589E-2","3.1065043392928329E-2","2.8857064000735989E-2","4.4834248213683342E-2","9.8745745039712958E-3","2.0301143855990678E-2","7.0839338832837558E-3","1.4321199668803091E-2","1.392253672299059E-2","6.2559416112116283E-3","2.9746389033702349E-3","3.6799656536538991E-3","0.52721641264681529","3.002238645772639E-2","2.9807721794596589E-2","3.005305283817351E-2","2.0699806801803181E-2","1.0211904688889569E-2","3.2199699469471618E-3","7.3905976877549143E-3","1.5394522984452151E-2","2.505443282529363E-2","4.3270262810880429E-2","4.7348891410346837E-2","4.1246281701370791E-2","3.6247661688490911E-2","3.1831702904106231E-2","3.6922322058327448E-2","1.8798491214081999E-2","1.7939832561562761E-2","1.3462541016283851E-2","1.8154497224692569E-2","1.481186175595694E-2","8.8625839492164748E-3","1.2910546168235761E-2","1.35545401576252E-2","0.129994786715324"
"02132","0.48802814237621522","3.669100124825056E-2","1.9102016113779929E-2","3.0336271135151489E-2","1.5962476831713129E-2","2.7234557627567419E-3","1.7778114006884291E-3","3.101713507584068E-3","6.2412527896508682E-3","3.1849302114460791E-2","4.2137912773764052E-2","3.2832772251011839E-2","3.1697999016529872E-2","2.7688466921360219E-2","4.1532700382040322E-2","3.1319741271702541E-2","2.0615047093089232E-2","1.966940273102092E-2","1.312554374550819E-2","1.40711881075765E-2","2.954192987101411E-2","2.1825471876536669E-2","7.7164579944774374E-3","6.4682074365472629E-3","0.51197185762378483","2.5267617354465331E-2","3.2378862957219048E-2","2.23172069448122E-2","1.8080720202746151E-2","3.4043197034459281E-3","3.0260619586186028E-4","1.4752052048265689E-3","8.2081930627529599E-3","3.0411922684116958E-2","4.5882664447554573E-2","2.878541438135946E-2","3.2303211408253582E-2","3.5594053788251312E-2","4.8606120210311313E-2","3.1319741271702541E-2","1.7286378938608769E-2","2.9125846351704052E-2","1.078034572757877E-2","1.8572455271021679E-2","2.8558459734463061E-2","1.705942429171237E-2","1.074251995309604E-2","1.5508567537920339E-2","0.19397057154745243"
"02134","0.5196073113847155","4.12214568530672E-3","1.258339209198894E-2","1.0901990562455929E-2","1.2420675814937349E-2","2.3865053967565219E-3","1.7085209090416009E-2","1.388512230840158E-2","7.8537723056896463E-2","0.17953029234691109","6.5520420892769979E-2","3.129576395292076E-2","1.0468080490318381E-2","1.9037804415034981E-2","1.160709442967945E-2","1.0142647936215219E-2","4.0136681672723329E-3","7.9730975755274713E-3","3.145848022997234E-3","5.2611596246677876E-3","1.220372077886858E-2","2.7661767098768782E-3","1.4102077344470361E-3","3.3085643000488152E-3","0.4803926886152845","3.525519336117589E-3","8.2985301296306345E-3","8.7866789607853775E-3","7.9730975755274713E-3","3.9051906492379449E-3","1.882084937896621E-2","1.5946195151054939E-2","8.6890491945544282E-2","0.14053262461354879","6.9100178987904756E-2","2.3919292726582421E-2","1.5783478874003359E-2","8.7866789607853775E-3","1.1715571947713841E-2","1.3071540923143681E-2","1.8441178065845851E-3","1.0305364213266799E-2","2.2780278787221352E-3","7.2137549492867596E-3","1.1227423116559091E-2","3.3085643000488152E-3","1.7356402885501979E-3","5.4238759017193683E-3","5.9282963605792695E-2"
"02135","0.48927238805970152","1.325959488272921E-2","1.2038024164889839E-2","1.330401563610519E-2","1.0061300639658851E-2","7.0406894100923951E-3","4.6197583511016346E-3","1.010572139303483E-2","5.5170575692963762E-2","0.12162402274342569","7.1894989339019194E-2","4.1955401563610523E-2","1.3792643923240941E-2","1.8168088130774699E-2","1.9123134328358209E-2","1.781272210376688E-2","8.5509950248756211E-3","8.0401563610518843E-3","4.9307036247334757E-3","4.8640724946695099E-3","1.0838663823738451E-2","9.2173063255152812E-3","4.9529140014214637E-3","7.9068941009239509E-3","0.51072761194029848","1.7501776830135041E-2","7.6403695806680884E-3","7.4848969438521679E-3","6.5742714996446343E-3","1.632462686567164E-2","8.3955223880597014E-3","6.0412224591329068E-3","5.4837420042643921E-2","0.1291311300639659","6.9984896943852168E-2","2.2699004975124379E-2","2.192164179104478E-2","2.149964463397299E-2","1.7945984363894808E-2","1.439232409381663E-2","5.5525941719971571E-3","9.1506751954513153E-3","1.066098081023454E-2","7.2627931769722806E-3","1.7257462686567169E-2","1.1238450604122249E-2","4.1977611940298507E-3","2.303216062544421E-2","0.11636016346837243"
"02136","0.47739761154663352","2.395779910616162E-2","2.9330598090214179E-2","3.8146872786773138E-2","1.919554546120595E-2","1.1942266832735001E-2","7.5707622048013287E-3","6.9846386792683226E-3","1.1185190612254869E-2","4.564436955088285E-2","2.5154467970791509E-2","4.7353896500354119E-2","3.4532444379319613E-2","2.8768896378245049E-2","2.8597943683297919E-2","2.334725376706474E-2","1.135614330720199E-2","2.4324126309619751E-2","6.9113732385766968E-3","1.6289349647104791E-2","1.8487312867853569E-2","8.7430092558673407E-3","6.4717805944269416E-3","3.1015703226121571E-3","0.5226023884533666","3.3140401006178717E-2","4.0320414193958043E-2","3.1626248565218451E-2","1.225975040906538E-2","8.3278384252814617E-3","8.2789947981537111E-3","4.1272864922949166E-3","1.7876767528756689E-2","3.5362786040491367E-2","3.6535033091557381E-2","3.9490072532786281E-2","3.1113390480377069E-2","4.1858988448482182E-2","3.2676386548465088E-2","3.0893594158302191E-2","1.382274647715339E-2","1.978166898673896E-2","1.3725059222897891E-2","1.20399540869905E-2","2.0001465308813832E-2","1.47019317654529E-2","9.3047109678364714E-3","1.533689891811366E-2","0.14511441619654675"
"02138","0.48702057404114812","1.993903987807976E-2","1.9532639065278131E-2","1.91008382016764E-2","9.6774193548387101E-3","5.6997713995427988E-2","2.415544831089662E-2","2.2758445516891029E-2","3.1165862331724661E-2","6.3881127762255518E-2","4.5745491490982983E-2","3.6601473202946412E-2","2.1615443230886461E-2","1.930403860807722E-2","1.8872237744475492E-2","9.0932181864363734E-3","6.1722123444246891E-3","6.2738125476250956E-3","7.7216154432308863E-3","9.0424180848361693E-3","2.143764287528575E-2","6.2738125476250956E-3","5.7912115824231636E-3","5.8674117348234698E-3","0.51297942595885193","2.501905003810008E-2","1.247142494284989E-2","1.3690627381254761E-2","8.763017526035052E-3","5.4279908559817118E-2","2.631445262890526E-2","2.4333248666497331E-2","3.7642875285750568E-2","6.6421132842265682E-2","4.2722885445770888E-2","3.7414274828549657E-2","2.4663449326898651E-2","2.110744221488443E-2","1.155702311404623E-2","1.457962915925832E-2","6.8580137160274323E-3","1.092202184404369E-2","9.2456184912369822E-3","1.5900431800863601E-2","2.072644145288291E-2","9.3726187452374907E-3","6.4262128524257053E-3","1.2547625095250189E-2","0.1303530607061214"
"02139","0.51318407333719496","2.7501448107386611E-2","1.478328758153474E-2","1.5412899488755131E-2","8.2856926990203233E-3","3.0347293928022771E-2","1.1509305663988721E-2","1.5740297680509729E-2","3.9841841488906238E-2","9.7866874858337324E-2","6.6990706928249433E-2","3.8078928148689149E-2","2.473115571561689E-2","2.3623038758909011E-2","2.039942579394061E-2","1.7125443876394589E-2","5.616138212405873E-3","1.3574432719671591E-2","7.4797894577782256E-3","6.7494396454025737E-3","9.6456544186163656E-3","7.7568186969551971E-3","3.8280403958999669E-3","6.2961190722038932E-3","0.48681592666280499","1.3649986148538041E-2","2.029868788878535E-2","1.412849119802554E-2","6.8501775505578361E-3","3.0322109451733949E-2","1.407812224544791E-2","1.3549248243382781E-2","4.5860931321933161E-2","8.3486538897423634E-2","5.2610370967335743E-2","4.0924773969325312E-2","2.3220087138287961E-2","1.621880272999723E-2","1.790616264134787E-2","1.5110685773289339E-2","5.7420605938499512E-3","1.45566272949354E-2","1.0728586899035429E-2","9.7967612763492588E-3","1.183670385574332E-2","1.075377137532425E-2","7.7064497443775654E-3","7.4797894577782256E-3","0.10005792429546427"
"02141","0.5039776392173726","2.4654196230201389E-2","1.454884254282233E-2","9.67533863685229E-3","1.50505267684369E-3","5.0885114312334261E-3","8.9586468859743432E-3","1.211209058983731E-2","4.5581595355837452E-2","0.10764710098186769","8.5357987529563528E-2","4.7731670608471298E-2","4.0278076399340647E-2","1.619723356984161E-2","1.1682075539310541E-2","1.5767218519314841E-2","6.9519099835160898E-3","1.447717336773454E-2","2.7234286533362002E-3","7.3819250340428581E-3","1.1037052963520391E-2","8.8153085357987535E-3","1.290045151580305E-3","4.515158030531069E-3","0.4960223607826274","2.4009173654411239E-2","1.6555579445280581E-2","4.8735039059700424E-3","1.376048161685659E-2","6.0202107073747584E-3","5.160180606321221E-3","3.2967820540385582E-3","6.6150648606034548E-2","9.0733175661148135E-2","5.7263670895148E-2","5.5543610693040923E-2","1.8203970472299859E-2","1.8633985522826631E-2","2.107073747581165E-2","1.9780692324231349E-2","8.6003010105353689E-3","9.1019852361499311E-3","7.6686017343940366E-3","9.5320002866767003E-3","1.6770586970543969E-2","1.1753744714398341E-2","4.013473804916505E-3","7.5252633842184478E-3","9.3026589263957571E-2"
"02142","0.50191754554170664","1.893576222435283E-2","1.414189837008629E-2","0","2.6366251198465958E-3","1.2464046021093E-2","5.2732502396931934E-3","6.2320230105465009E-3","4.9376797698945353E-2","8.5091083413231058E-2","0.114333652924257","4.5781399808245443E-2","2.4928092042186E-2","1.5819750719079581E-2","1.893576222435283E-2","2.301054650047939E-2","1.030680728667306E-2","1.8216682646212849E-2","3.11601150527325E-3","4.7938638542665392E-3","1.030680728667306E-2","3.11601150527325E-3","7.1907957813998084E-3","7.9098753595397888E-3","0.49808245445829341","1.5819750719079581E-2","0","0","2.6366251198465958E-3","2.277085330776606E-2","2.1812080536912751E-2","1.701821668264621E-2","2.8283796740172579E-2","9.6356663470757428E-2","8.4611697027804411E-2","4.1227229146692232E-2","3.5234899328859058E-2","3.3557046979865771E-3","3.068072866730585E-2","3.2598274209012457E-2","5.9923298178331738E-3","6.2320230105465009E-3","4.0747842761265579E-3","1.1025886864813039E-2","1.9894534995206131E-2","1.078619367209971E-2","3.5953978906999042E-3","4.0747842761265579E-3","8.98849472674976E-2"
"02143","0.48757124762507908","1.531823939202027E-2","8.5101329955668149E-3","7.9955668144395184E-3","6.3727042431918936E-3","8.7080430652311594E-3","5.2644078530715644E-3","0","3.0755224825839141E-2","0.1112254591513616","7.1445535148828371E-2","4.9042115262824572E-2","3.8513299556681438E-2","2.7905319822672581E-2","2.4263774540848639E-2","2.3709626345788479E-2","7.4018366054464848E-3","1.207251424952502E-2","3.443635212159595E-3","8.985117162761241E-3","1.626820772640912E-2","3.087397086763775E-3","3.6019632678910701E-3","3.6811272957568081E-3","0.5124287523749208","1.9355604813172899E-2","1.9434768841038629E-2","9.6580113996200135E-3","4.5123495883470548E-3","4.9477517416086133E-3","1.5041165294490181E-3","4.2352754908169732E-3","4.6271374287523752E-2","0.1166877770740975","7.3622545915136159E-2","4.5915136162127931E-2","2.7074097530082331E-2","2.691576947435086E-2","1.9276440785307151E-2","1.971184293856872E-2","9.4996833438885375E-3","1.06871437618746E-2","7.7184927169094367E-3","5.0664977834072198E-3","1.618904369854338E-2","1.215167827739075E-2","9.0246991766941096E-3","2.968651044965168E-3","9.2186510449651662E-2"
"02145","0.51862275667970326","2.5731934646734161E-2","2.8034650389268619E-2","1.5936254980079681E-2","1.1148068277349319E-2","1.034394531963888E-2","3.5820022661646992E-3","5.1536971380532924E-3","3.1762856829562487E-2","9.2839650572023827E-2","6.3781570963851023E-2","5.0403889031031837E-2","3.6441390401695972E-2","2.211338133703717E-2","2.5914689864395629E-2","2.9642896304689501E-2","1.089221097262327E-2","1.447421323878797E-2","1.0453598450235749E-2","8.9915567089440401E-3","6.8350451405387626E-3","8.0412295771044272E-3","1.315837567162542E-3","4.7881867027303633E-3","0.4813772433202968","1.7800358200226619E-2","1.8238970722614128E-2","1.1805987060930591E-2","1.1074966190284729E-2","5.8481669651668554E-3","1.059980262436493E-3","1.4620417412917141E-3","3.9986841624328383E-2","7.123798384443876E-2","6.571877627106254E-2","4.214335319273365E-2","1.9481706202712092E-2","3.2347673526079167E-2","2.0907196900471509E-2","3.3042143353192728E-2","1.37797434116744E-2","1.9043093680324572E-2","6.3964326181512486E-3","9.9053327972513615E-3","1.440111115172338E-2","8.6625973171534053E-3","5.4461054863116339E-3","1.1586680799736831E-2","9.6823714317043744E-2"
"02149","0.5146961962786103","3.3632471595587021E-2","3.8984027663428289E-2","3.4579285361435862E-2","1.9492013831714141E-2","1.072369504363577E-2","4.6517371974312532E-3","4.8987320928700808E-3","1.920385312036885E-2","5.3515560678412649E-2","4.2071463856413631E-2","5.6314836160052693E-2","3.5176189692079703E-2","3.2953235633130247E-2","3.157418080026346E-2","3.0894944837806689E-2","4.4870739338053684E-3","1.2185081508315491E-2","8.4801580767330815E-3","9.632800922114276E-3","1.5684175860365551E-2","7.3480981393051212E-3","3.9725012349744772E-3","4.2400790383665407E-3","0.48530380372138981","2.5399308414292769E-2","2.4967067347274819E-2","3.2294582578626711E-2","1.7536637576156758E-2","9.3240573028157414E-3","2.6346122180141611E-3","7.1422690597727654E-3","1.6980899061419402E-2","4.429441791536308E-2","4.4582578626708377E-2","3.2726823645644658E-2","2.850732751523135E-2","3.7008068499917668E-2","4.087765519512597E-2","2.9742301992425491E-2","8.5624897085460235E-3","1.7330808496624401E-2","1.370821669685493E-2","1.1217684834513421E-2","1.2082166968549321E-2","1.2041001152642851E-2","6.0307920302980402E-3","1.031203688457105E-2","0.11474971183928867"
"02150","0.51270964033092559","4.5264815416531282E-2","2.9493363993101551E-2","3.4992126771476423E-2","1.7746007148391609E-2","9.6978179909520366E-3","6.2985828188657552E-3","6.7984703441725611E-3","1.554650203704167E-2","4.3340248444100067E-2","6.1436176860206457E-2","3.6441800594866153E-2","4.1265715214076827E-2","3.7841485665725212E-2","2.6793971356444801E-2","2.764378014946637E-2","1.3072058786772979E-2","1.399685070859057E-2","5.9486615511509912E-3","8.7730260691344444E-3","1.177235122097528E-2","5.9736559274163317E-3","3.4492239246169611E-3","9.1229473368492093E-3","0.48729035966907452","3.9766052638156413E-2","2.5094353770401659E-2","3.7091654377765002E-2","2.346971931315454E-2","1.219725561748607E-2","7.1733859881526656E-3","5.9236671748856507E-3","2.0620360418905751E-2","3.9066210102726887E-2","4.4340023494713693E-2","4.3465220325426782E-2","3.6566772476192853E-2","2.796870704091579E-2","2.4344522482441448E-2","2.5244320027993698E-2","8.8480091979304658E-3","1.472168762028544E-2","6.3985603239271162E-3","9.4728686045639724E-3","1.167237371591392E-2","6.6734984628458597E-3","8.7980204453997849E-3","8.3731160488890004E-3","9.6428303631682866E-2"
"02151","0.5030295047418335","3.7835879873551109E-2","2.8483930453108531E-2","1.779834035827187E-2","1.682692307692308E-2","7.5408324552160167E-3","4.4948630136986299E-3","6.0425447839831401E-3","1.1673472075869339E-2","3.1480505795574293E-2","4.9081269757639621E-2","4.3927818756585878E-2","5.3477344573234983E-2","3.9334167544783992E-2","3.6601027397260268E-2","2.907665964172813E-2","1.327054794520548E-2","1.7370258166491039E-2","1.173933087460485E-2","9.5495258166491039E-3","1.4670047418335091E-2","8.2982086406743934E-3","5.7132507903055836E-3","8.7427555321390946E-3","0.4969704952581665","2.677160168598525E-2","2.4927555321390939E-2","3.2188487881981032E-2","1.25131717597471E-2","1.363277133825079E-2","5.7132507903055836E-3","4.066780821917808E-3","1.3369336143308749E-2","3.7457191780821908E-2","4.8340358271865121E-2","3.6189409905163332E-2","3.6683350895679673E-2","3.2748287671232883E-2","3.1628688092729187E-2","2.8961406743940991E-2","1.2496707060063219E-2","2.137118018967334E-2","7.9853793466807162E-3","1.302357744994731E-2","1.931309272918862E-2","1.368216543730242E-2","9.6153846153846159E-3","1.42913593256059E-2","0.13662407797681769"
"02152","0.4828688181056161","2.121751886001676E-2","1.7917015926236381E-2","2.3051131601005869E-2","2.352263202011735E-2","3.876781223805532E-3","9.4300083822296732E-4","2.2527242246437552E-3","1.7131181894383909E-2","3.7300922045264043E-2","4.0810980720871748E-2","3.5467309304274927E-2","1.582145850796312E-2","3.2009639564124059E-2","4.599748533109807E-2","4.0444258172673928E-2","1.6764459346186089E-2","2.278918692372171E-2","1.026823134953898E-2","2.1322296730930428E-2","2.4570410729253981E-2","1.404023470243085E-2","9.1156747694886835E-3","6.2342833193629503E-3","0.5171311818943839","2.3679798826487849E-2","2.1636630343671422E-2","2.7556580050293381E-2","1.6712070410729259E-2","2.4098910310142501E-3","1.110645431684828E-2","4.6102263202011731E-3","1.2311399832355409E-2","2.5618189438390612E-2","3.106663872590109E-2","4.463537300922045E-2","2.9023470243084659E-2","4.3797150041911148E-2","2.9704526404023469E-2","3.0961860854987429E-2","1.7917015926236381E-2","2.6613579212070412E-2","1.5716680637049459E-2","1.472129086336966E-2","3.080469404861693E-2","2.116512992455993E-2","1.0163453478625311E-2","2.5199077954735961E-2","0.20332145850796313"
"02163","0.58143767060964513","9.0991810737033659E-3","2.7297543221110102E-3","0","0","0.12147406733394001","6.5969062784349414E-2","1.8198362147406728E-2","3.5486806187443133E-2","0.15787079162875339","0.14012738853503179","1.4558689717925391E-2","0","0","0","0","1.5923566878980892E-2","0","0","0","0","0","0","0","0.41856232939035493","0","2.7297543221110102E-3","0","0","0.12056414922656961","3.0937215650591449E-2","3.9581437670609648E-2","4.8225659690627837E-2","0.14058234758871699","3.3212010919017293E-2","2.7297543221110102E-3","0","0","0","0","0","0","0","0","0","0","0","0","0"
"02171","0.50424132911710084","1.490739346483963E-2","2.123174220749887E-2","1.7868794860211819E-2","1.310043668122271E-2","1.179541233749937E-2","1.5057973196807709E-3","5.5714500828188528E-3","2.484565577473272E-2","6.2540782010741355E-2","4.9390152085529278E-2","3.9301310043668117E-2","2.4494303066807211E-2","2.7606284194147471E-2","3.8096672187923508E-2","3.1922903177232342E-2","1.9224012447924509E-2","1.94749786678713E-2","7.8803393063293682E-3","2.2837926015158359E-2","2.620087336244541E-2","8.6834312101591125E-3","9.1351704060633442E-3","6.6255082065953923E-3","0.49575867088289921","1.2498117753350401E-2","1.440546102494604E-2","3.031671936957285E-2","1.144405962957386E-2","6.0733825227124432E-3","2.0579230035637202E-3","1.907343271595643E-3","2.6903578778296439E-2","5.3706771068614163E-2","3.8548411383827738E-2","2.936304773377503E-2","3.6490488380264023E-2","2.253676655122221E-2","2.2335993575264768E-2","4.150981277919992E-2","1.7818601616222451E-2","2.349043818702003E-2","1.0942127189680269E-2","2.4695076042764639E-2","1.8169954324147971E-2","1.8270340812126688E-2","1.3451789389148219E-2","1.8822466496009639E-2","0.18571500276062844"
"02186","0.47346378545787288","2.780319560779897E-2","4.033223059055395E-2","4.2514253536988809E-2","2.2101780812275641E-2","1.8723164637150701E-2","7.1795593721404941E-3","8.0242134159217281E-3","1.488702752164426E-2","9.2911944815935801E-3","1.9990145702822551E-2","3.589779686070247E-2","3.5123530653903008E-2","3.6883226578447247E-2","3.1709720560287182E-2","3.4278876610121772E-2","1.115647216161047E-2","1.3584852537481521E-2","1.3620046455972409E-2","1.083972689519251E-2","1.27050045752094E-2","8.9392552966847325E-3","1.326810727106356E-2","4.6104033223059058E-3","0.52653621454212707","2.660660237910889E-2","3.3223059055395229E-2","3.8326177236573521E-2","2.5726754416836771E-2","2.8049553037235161E-2","1.0698951221228971E-2","8.868867459702964E-3","1.720982614204266E-2","2.0060533539804321E-2","2.1116351094530861E-2","2.9703667206306749E-2","4.2127120433589078E-2","2.7486450341381009E-2","3.8361371155064397E-2","3.9522770465263597E-2","1.200112620539171E-2","1.5731681565425499E-2","8.0594073344126133E-3","1.506299711409868E-2","2.1327514605476171E-2","1.7561765326951501E-2","1.4711057929189839E-2","1.499260927711691E-2","0.15569789540367424"
"02199","0.47727272727272729","3.8149350649350648E-2","2.2727272727272731E-2","0","0","0","1.948051948051948E-2","0","5.681818181818182E-3","3.4090909090909088E-2","9.5779220779220783E-2","5.438311688311688E-2","5.6818181818181823E-2","0","2.6785714285714281E-2","4.8701298701298697E-2","0","0","0","1.8668831168831172E-2","9.74025974025974E-3","1.785714285714286E-2","2.0292207792207789E-2","8.1168831168831161E-3","0.52272727272727271","7.305194805194805E-3","0","0","0","1.2175324675324679E-2","0","1.136363636363636E-2","2.5974025974025979E-2","3.6525974025974017E-2","0.101461038961039","7.5487012987012991E-2","7.8733766233766239E-2","2.353896103896104E-2","3.2467532467532458E-2","2.922077922077922E-2","0","0","1.055194805194805E-2","1.542207792207792E-2","1.785714285714286E-2","0","9.74025974025974E-3","3.49025974025974E-2","0.16314935064935066"
"02210","0.55734989648033129","2.5051759834368529E-2","4.7619047619047623E-3","2.4844720496894411E-3","0","7.246376811594203E-3","5.175983436853002E-3","6.6252587991718426E-3","2.9606625258799171E-2","8.9440993788819881E-2","6.480331262939959E-2","6.2111801242236017E-2","4.7204968944099382E-2","6.6666666666666666E-2","2.732919254658385E-2","3.0848861283643891E-2","3.2919254658385091E-2","9.5238095238095247E-3","1.7598343685300211E-2","1.221532091097309E-2","7.8674948240165625E-3","5.5900621118012434E-3","0","2.2774327122153208E-3","0.44265010351966871","1.0973084886128359E-2","8.4886128364389229E-3","0","0","7.246376811594203E-3","0","0","2.4016563146997929E-2","6.0248447204968941E-2","6.5217391304347824E-2","4.1821946169772257E-2","3.5610766045548657E-2","1.4906832298136651E-2","4.3064182194616968E-2","5.56935817805383E-2","8.2815734989648039E-3","2.1532091097308491E-2","1.2422360248447201E-2","1.3043478260869559E-2","1.8012422360248449E-2","0","0","2.070393374741201E-3","9.1097308488612833E-2"
"02215","0.44028465346534651","3.4421410891089109E-3","2.823329207920792E-3","3.9449257425742566E-3","2.9780321782178218E-3","0.1111154084158416","4.641089108910891E-2","3.6819306930693067E-2","4.7300433168316829E-2","6.3505569306930687E-2","4.5714727722772283E-2","1.709467821782178E-2","1.6978650990099011E-2","7.2710396039603964E-3","1.090655940594059E-2","4.2930074257425746E-3","1.314975247524753E-3","4.3703589108910904E-3","2.3978960396039599E-3","1.469678217821782E-3","3.7902227722772281E-3","3.8675742574257428E-4","1.9337871287128711E-3","4.0222772277227724E-3","0.55971534653465349","4.6024133663366334E-3","2.127165841584159E-3","2.127165841584159E-3","1.9337871287128711E-3","0.16429455445544561","8.1257735148514851E-2","5.8980507425742568E-2","5.5615717821782179E-2","7.3406559405940597E-2","4.1034962871287127E-2","2.7885210396039601E-2","7.1163366336633666E-3","4.2543316831683171E-3","5.4919554455445541E-3","7.5417698019801978E-3","2.2045173267326731E-3","5.6079826732673274E-3","1.585705445544555E-3","1.35365099009901E-3","4.9118193069306931E-3","1.121596534653465E-3","2.5912747524752481E-3","2.668626237623763E-3","2.8233292079207922E-2"
"02445","0.46837328368629277","2.1643006748894581E-2","2.7321387014195949E-2","2.9927856644170352E-2","1.8989993018384919E-2","7.2143355829648592E-3","1.070514312310915E-3","3.9097044449616014E-3","5.2874098208052132E-2","5.7481964161042592E-2","2.7321387014195949E-2","3.8166162438910869E-2","2.9136606935070981E-2","2.466837328368629E-2","2.5645799394926689E-2","2.0851757039795211E-2","1.126367232953223E-2","1.17291133348848E-2","9.5415406097277174E-3","1.3683965557365599E-2","1.3078892250407261E-2","9.9604375145450307E-3","7.6332324877821734E-3","5.259483360484059E-3","0.53162671631370728","2.1037933441936239E-2","2.764719571794275E-2","3.2068885268792181E-2","7.121247381894345E-3","9.0295555038398881E-3","5.9111007679776588E-3","8.0521293925994875E-3","3.3744472888061441E-2","6.6697696067023499E-2","3.3139399581103103E-2","3.5792413311612752E-2","2.9927856644170352E-2","3.4023737491272979E-2","3.388410518966721E-2","2.5180358389574119E-2","1.023970211775658E-2","1.9455434023737488E-2","1.754712590179195E-2","1.8524552013032349E-2","2.8810798231324181E-2","9.2157319059809166E-3","1.168256923434955E-2","1.2892715848266231E-2","0.15783104491505703"
"02446","0.44736179322503461","2.5091298325147969E-2","2.2320866389623471E-2","2.550056667925954E-2","8.468706712001008E-3","1.29391764261428E-2","3.3056290139780878E-3","5.2260420601939299E-3","3.7432313310666161E-2","5.5314192167233343E-2","4.0517567057045713E-2","3.6235990429416949E-2","1.9361541367585951E-2","2.3737564538471229E-2","2.7074675733534819E-2","1.7063342148344041E-2","5.8871678629895483E-3","2.1061579146203251E-2","2.9593250220375268E-3","1.441883893716157E-2","1.6118876715778871E-2","1.1050245561012469E-2","1.01372623095328E-2","6.1390253116735934E-3","0.55263820677496533","3.758972421609369E-2","1.933005918650044E-2","2.4146832892582799E-2","1.5835537086009321E-2","8.7205641606850522E-3","4.3445409897997734E-3","8.0594383578894337E-3","5.9217982621836043E-2","5.56290139780884E-2","4.8514041052764127E-2","4.0989799773328298E-2","3.5480418083364808E-2","3.038030474751291E-2","2.814506989044201E-2","2.285606346807707E-2","6.1705074927590987E-3","1.4922553834529661E-2","5.2575242412794361E-3","1.933005918650044E-2","2.7011711371363809E-2","1.961339881626999E-2","1.356882004785291E-2","7.5242412794358391E-3","0.15312932879989927"
"02458","0.51400064370775667","2.759897006758931E-2","2.8162214354682979E-2","3.1702607016414551E-2","3.0495654972642419E-2","6.9198583842935311E-3","5.3105889925973608E-3","2.65529449629868E-3","2.2368844544576761E-2","4.2162858062439662E-2","2.7357579658834889E-2","3.0012874155133571E-2","6.1635017701963307E-2","4.8680399098809141E-2","3.6610878661087858E-2","2.3093015770840039E-2","1.657547473447055E-2","1.6495011264885739E-2","6.8393949147087223E-3","9.2532990022529769E-3","1.8989378822014801E-2","8.770518184744126E-3","6.3566140971998714E-3","5.9542967492758284E-3","0.48599935629224328","2.0035403926617311E-2","2.550691985838429E-2","3.0254264563887991E-2","1.5368522690698419E-2","6.5175410363694881E-3","3.2185387833923401E-3","3.942710009655616E-3","1.400064370775668E-2","3.5001609269391699E-2","4.0392661731573867E-2","2.4943675571290631E-2","2.719665271966527E-2","5.0933376247183783E-2","4.2001931123270032E-2","3.2587705181847441E-2","1.2069520437721269E-2","1.4081107177341489E-2","1.126488574187319E-2","8.2072738976504672E-3","2.0759575152880589E-2","1.955262310910846E-2","9.8165432893466374E-3","1.8345671065336341E-2","0.144110074026392"
"02459","0.48718620617368058","2.3898118547245949E-2","3.8257952937477073E-2","3.2231015145956707E-2","1.70850584350925E-2","3.4536973953147108E-2","7.4943661233687958E-3","2.9348566636968709E-3","1.692783397096588E-2","1.5879670876788429E-2","1.498873224673759E-2","2.709501598448719E-2","2.279754729835962E-2","3.0239505267019549E-2","3.9620564959907761E-2","2.8405219852209E-2","1.483150778261098E-2","1.787118075572559E-2","1.179183480949636E-2","2.7252240448613799E-2","2.3164404381321731E-2","2.1277710811802322E-2","1.179183480949636E-2","6.8130601121534507E-3","0.51281379382631942","1.9705466170536139E-2","3.01346889576018E-2","3.076358681410828E-2","2.5313138724385519E-2","3.5585137047324557E-2","6.8654682668623226E-3","8.7521618363817413E-3","1.042922278706567E-2","2.473664902258791E-2","1.03768146323568E-2","2.8143179078664642E-2","3.0029872648184061E-2","3.76290550809706E-2","3.4589382107855983E-2","2.761909753157591E-2","1.6508568733294898E-2","1.802840521985221E-2","1.7975997065143339E-2","2.216864944185315E-2","4.2293380850060271E-2","1.268277343954719E-2","1.467428331848436E-2","7.8088150516220324E-3","0.21969498453959435"
"02467","0.46459190672153627","1.9461591220850481E-2","2.0061728395061731E-2","3.5793895747599447E-2","1.6632373113854591E-2","5.6241426611796992E-2","2.6063100137174212E-2","2.5248628257887519E-2","2.542009602194787E-2","1.8432784636488338E-2","2.4305555555555559E-2","2.2333676268861451E-2","1.980452674897119E-2","2.5077160493827161E-2","1.7789780521262E-2","2.5848765432098769E-2","7.9732510288065845E-3","1.1059670781893001E-2","1.06738683127572E-2","7.1587791495198901E-3","1.3203017832647461E-2","1.161694101508916E-2","1.0288065843621399E-2","1.4103223593964331E-2","0.53540809327846361","1.7275377229080929E-2","2.4991426611796978E-2","2.1390603566529491E-2","1.8432784636488338E-2","7.3259602194787374E-2","3.0435528120713311E-2","4.6424897119341557E-2","2.670610425240055E-2","2.3919753086419748E-2","1.8347050754458159E-2","2.0961934156378599E-2","2.6620370370370371E-2","2.4176954732510289E-2","2.3791152263374481E-2","2.7863511659807959E-2","5.0154320987654318E-3","1.7232510288065842E-2","7.2873799725651578E-3","7.716049382716049E-3","2.229080932784637E-2","1.354595336076818E-2","1.993312757201646E-2","1.7789780521262E-2","0.15560699588477367"
"02472","0.46345340486530978","2.722189105566437E-2","1.331289562576287E-2","1.246132447699339E-2","1.2887110051378129E-2","9.0550398819154668E-3","4.0875415140935022E-3","4.8823412529450166E-3","1.487410939850691E-2","4.7489284396377993E-2","5.447216781628772E-2","3.886003008884726E-2","3.3097731982173778E-2","2.8187005024269782E-2","2.6285162792017942E-2","2.2396321212637311E-2","1.4703795168753021E-2","1.9500979306821081E-2","1.291549575633711E-2","1.4987652218342839E-2","1.893326520764143E-2","1.632178035141503E-2","8.6008686025717453E-3","7.9196116835561613E-3","0.53654659513469016","3.0457861420988389E-2","1.5186352153055719E-2","2.253824973743223E-2","9.3956683414232588E-3","7.2667404694995597E-3","6.017769451304323E-3","3.1508132504470751E-3","1.2688410116665249E-2","4.7829912855885767E-2","6.4293621732095713E-2","5.7026881262596148E-2","2.6256777087058959E-2","2.6455477021771839E-2","3.1508132504470751E-2","4.2550171733515003E-2","1.512958074313776E-2","2.4496863379602031E-2","1.220585313236254E-2","8.8847256521615708E-3","3.0883646995373128E-2","1.39089954299015E-2","1.1042039229044251E-2","1.7372051434897381E-2","0.17397598569360467"
"02492","0.47039709466239787","3.072585654895589E-2","3.5552157499880527E-2","3.3688536340612613E-2","2.7572036125579399E-2","1.553017632723276E-2","3.1060352654465519E-3","2.6281836861470828E-3","1.7011516223061119E-2","1.060830506044822E-2","6.7854924260524682E-3","2.862330960003823E-2","3.0391360443446268E-2","3.5838868447460218E-2","3.1442633917905097E-2","4.2433220241792899E-2","1.839728580302958E-2","1.553017632723276E-2","1.2089644956276581E-2","1.079944569216801E-2","1.940077411955847E-2","1.48611841162135E-2","1.4144406747264301E-2","1.3236488746595309E-2","0.52960290533760213","2.36058680173938E-2","5.074783772160367E-2","5.0986763511253412E-2","2.742868065178955E-2","1.1994074640416691E-2","4.2050938978353321E-3","5.8297892674535291E-3","1.6246953696181961E-2","8.9836096908300286E-3","1.3427629378315089E-2","3.5838868447460218E-2","3.5313231710230812E-2","3.1633774549624877E-2","4.1047450661824428E-2","3.7798059922588043E-2","1.8349500645099631E-2","1.8110574855449899E-2","1.3140918430735411E-2","1.256749653557605E-2","2.231566875328523E-2","1.768050843408037E-2","9.7959573756391267E-3","2.2554594542934969E-2","0.18258708845032734"
